{
  "draws": 2000,
  "chains": 256,
  "max_rhat": 1.0062456291544688,
  "min_bulk_ess": 39373.842960484726,
  "min_tail_ess": 32298.806626954207,
  "mean_acceptance": 0.7163975969809898,
  "divergences": 0,
  "divergence_fraction": 0.0,
  "max_depth_fraction": 1.3671875e-05,
  "median_integration_steps": 63.0,
  "min_bfmi": 0.8811109350430002,
  "bfmi_below_0_3_fraction": 0.0,
  "stuck_chains": 0,
  "mean_edge_mass": 0.0006369016915338682,
  "max_chain_mean_edge_mass": 0.0009029284366543052,
  "parameters": {
    "latent_00": {
      "rhat": 1.0005400947243532,
      "ess_bulk": 409298.65368171025,
      "ess_tail": 335169.71098587645
    },
    "latent_01": {
      "rhat": 1.0004898494387928,
      "ess_bulk": 395907.2494535556,
      "ess_tail": 332284.97906217835
    },
    "latent_02": {
      "rhat": 1.0004442780727285,
      "ess_bulk": 420724.30002753134,
      "ess_tail": 341753.32044982415
    },
    "latent_03": {
      "rhat": 1.0003472311604082,
      "ess_bulk": 354272.4138171612,
      "ess_tail": 338359.80044039845
    },
    "latent_04": {
      "rhat": 1.0004823441723982,
      "ess_bulk": 346059.7826972553,
      "ess_tail": 339365.6027470854
    },
    "latent_05": {
      "rhat": 1.0004011604760807,
      "ess_bulk": 346585.62367003807,
      "ess_tail": 340190.2639538292
    },
    "latent_06": {
      "rhat": 1.00052691211974,
      "ess_bulk": 258494.45134848356,
      "ess_tail": 319493.48833086796
    },
    "latent_07": {
      "rhat": 1.0004944526796369,
      "ess_bulk": 267263.35222411365,
      "ess_tail": 321040.0729349843
    },
    "latent_08": {
      "rhat": 1.000697701879679,
      "ess_bulk": 207545.1583172883,
      "ess_tail": 294181.14285783266
    },
    "latent_09": {
      "rhat": 1.001625233326596,
      "ess_bulk": 134646.4814698497,
      "ess_tail": 214238.98021586717
    },
    "latent_10": {
      "rhat": 1.0012894559615695,
      "ess_bulk": 136030.98492686407,
      "ess_tail": 233567.28640971187
    },
    "latent_11": {
      "rhat": 1.0020037879719708,
      "ess_bulk": 113060.8238958172,
      "ess_tail": 210589.99113646927
    },
    "latent_12": {
      "rhat": 1.002325456117006,
      "ess_bulk": 90082.66709982575,
      "ess_tail": 150247.6513494067
    },
    "latent_13": {
      "rhat": 1.000851881358051,
      "ess_bulk": 195447.74202453,
      "ess_tail": 248115.2641501145
    },
    "latent_14": {
      "rhat": 1.0019802305050038,
      "ess_bulk": 108048.67629854225,
      "ess_tail": 145064.84222854555
    },
    "latent_15": {
      "rhat": 1.0013727212945962,
      "ess_bulk": 146211.9050275472,
      "ess_tail": 242793.55001809166
    },
    "latent_16": {
      "rhat": 1.0017926519312352,
      "ess_bulk": 125306.3632055594,
      "ess_tail": 194155.5960731588
    },
    "latent_17": {
      "rhat": 1.002568698770854,
      "ess_bulk": 78820.65352485694,
      "ess_tail": 128375.17743640371
    },
    "latent_18": {
      "rhat": 1.0023723941788318,
      "ess_bulk": 93160.53411809831,
      "ess_tail": 139181.0966808447
    },
    "Ea_shared": {
      "rhat": 1.0062456291544688,
      "ess_bulk": 39373.842960484726,
      "ess_tail": 32298.806626954207
    },
    "logD_mean": {
      "rhat": 1.0058290117649873,
      "ess_bulk": 41805.383175872914,
      "ess_tail": 50892.11112789712
    },
    "logD_sd": {
      "rhat": 1.0035366164928408,
      "ess_bulk": 63849.18251813745,
      "ess_tail": 101816.80185505543
    },
    "edge_mass": {
      "rhat": 1.001375030509693,
      "ess_bulk": 141147.45887614996,
      "ess_tail": 224819.64926419762
    }
  },
  "chunk": 8,
  "sampling_seconds": 166.72866463661194,
  "chain_draws_per_second": 3070.8576783477097,
  "eta_seconds": 0.0,
  "kill_reasons": [],
  "publication_gate_pass": true,
  "publication_gate_failures": [],
  "total_seconds": 167.9810287952423
}
