{
  "draws": 4000,
  "chains": 256,
  "max_rhat": 1.004080277378338,
  "min_bulk_ess": 61117.659599226514,
  "min_tail_ess": 53735.798145096276,
  "mean_acceptance": 0.7964573024320616,
  "divergences": 0,
  "divergence_fraction": 0.0,
  "max_depth_fraction": 1.953125e-06,
  "median_integration_steps": 127.0,
  "min_bfmi": 0.9000911417784243,
  "bfmi_below_0_3_fraction": 0.0,
  "stuck_chains": 0,
  "mean_edge_mass": 0.0004338009789145722,
  "max_chain_mean_edge_mass": 0.0005256245691078174,
  "parameters": {
    "latent_00": {
      "rhat": 1.0003821438150247,
      "ess_bulk": 1501238.1720111666,
      "ess_tail": 710822.5960402994
    },
    "latent_01": {
      "rhat": 1.0003444013267742,
      "ess_bulk": 1484947.2618063411,
      "ess_tail": 710176.3607760475
    },
    "latent_02": {
      "rhat": 1.0003599979770652,
      "ess_bulk": 1505905.050143593,
      "ess_tail": 712497.2607552441
    },
    "latent_03": {
      "rhat": 1.0003582485928446,
      "ess_bulk": 1489143.9372824263,
      "ess_tail": 707930.6061081592
    },
    "latent_04": {
      "rhat": 1.0003204531133634,
      "ess_bulk": 1487717.1797277655,
      "ess_tail": 705860.9792211836
    },
    "latent_05": {
      "rhat": 1.0004230246598893,
      "ess_bulk": 1494438.3452039126,
      "ess_tail": 707950.2009654796
    },
    "latent_06": {
      "rhat": 1.0003441203667278,
      "ess_bulk": 1490968.8005513418,
      "ess_tail": 705706.6397778986
    },
    "latent_07": {
      "rhat": 1.000301829374079,
      "ess_bulk": 1468518.9947641923,
      "ess_tail": 705393.8779304433
    },
    "latent_08": {
      "rhat": 1.0002972567824069,
      "ess_bulk": 1452161.391066283,
      "ess_tail": 709375.4299939551
    },
    "latent_09": {
      "rhat": 1.000322959232368,
      "ess_bulk": 1411395.9778108813,
      "ess_tail": 723796.7523818751
    },
    "latent_10": {
      "rhat": 1.0002965822961938,
      "ess_bulk": 1344347.163212703,
      "ess_tail": 719089.0598051545
    },
    "latent_11": {
      "rhat": 1.000268122976903,
      "ess_bulk": 1089890.592974912,
      "ess_tail": 715200.4291904812
    },
    "latent_12": {
      "rhat": 1.0002773618400795,
      "ess_bulk": 1095813.1280741352,
      "ess_tail": 726055.3393494235
    },
    "latent_13": {
      "rhat": 1.0002524412769775,
      "ess_bulk": 919388.2343754505,
      "ess_tail": 722266.5835301318
    },
    "latent_14": {
      "rhat": 1.0002324578666615,
      "ess_bulk": 649979.7926623356,
      "ess_tail": 690025.934234823
    },
    "latent_15": {
      "rhat": 1.0001840025441515,
      "ess_bulk": 696216.3577470552,
      "ess_tail": 710176.457922133
    },
    "latent_16": {
      "rhat": 1.000344463254111,
      "ess_bulk": 462341.01547930297,
      "ess_tail": 656235.9863208554
    },
    "latent_17": {
      "rhat": 1.0008105910693654,
      "ess_bulk": 273980.19230133086,
      "ess_tail": 457047.7048237854
    },
    "latent_18": {
      "rhat": 1.0005689075020603,
      "ess_bulk": 337683.8635453746,
      "ess_tail": 532503.5154890483
    },
    "latent_19": {
      "rhat": 1.0012887953412144,
      "ess_bulk": 182141.74758567542,
      "ess_tail": 430330.06625099503
    },
    "latent_20": {
      "rhat": 1.0017337975012635,
      "ess_bulk": 140434.18950071328,
      "ess_tail": 270726.0793713368
    },
    "latent_21": {
      "rhat": 1.0004371395719103,
      "ess_bulk": 352117.8134997476,
      "ess_tail": 417479.41541959485
    },
    "latent_22": {
      "rhat": 1.0009928777298565,
      "ess_bulk": 191191.0563008743,
      "ess_tail": 255589.74732954754
    },
    "latent_23": {
      "rhat": 1.0008346484463166,
      "ess_bulk": 250885.9496453547,
      "ess_tail": 407210.37658385764
    },
    "latent_24": {
      "rhat": 1.00114065812738,
      "ess_bulk": 204623.26467367605,
      "ess_tail": 306193.21949880675
    },
    "latent_25": {
      "rhat": 1.0017133299095797,
      "ess_bulk": 131808.95310724006,
      "ess_tail": 233830.6300705003
    },
    "latent_26": {
      "rhat": 1.0017206849152747,
      "ess_bulk": 139860.15593394602,
      "ess_tail": 230543.52152547892
    },
    "Ea_shared": {
      "rhat": 1.004080277378338,
      "ess_bulk": 61117.659599226514,
      "ess_tail": 53735.798145096276
    },
    "logD_mean": {
      "rhat": 1.0035518487994175,
      "ess_bulk": 69436.14575437341,
      "ess_tail": 90191.91774484448
    },
    "logD_sd": {
      "rhat": 1.001837474140727,
      "ess_bulk": 127018.64969568848,
      "ess_tail": 154153.34723569866
    },
    "edge_mass": {
      "rhat": 1.000899924948691,
      "ess_bulk": 225233.4587576675,
      "ess_tail": 439495.91719486995
    }
  },
  "chunk": 16,
  "sampling_seconds": 351.8886892795563,
  "chain_draws_per_second": 2910.0111233938756,
  "eta_seconds": 0.0,
  "kill_reasons": [],
  "publication_gate_pass": true,
  "publication_gate_failures": [],
  "total_seconds": 353.20993542671204
}
