{
  "draws": 4000,
  "chains": 256,
  "max_rhat": 1.0036635100493834,
  "min_bulk_ess": 61670.0657469591,
  "min_tail_ess": 55607.107390963254,
  "mean_acceptance": 0.7961070014470564,
  "divergences": 0,
  "divergence_fraction": 0.0,
  "max_depth_fraction": 9.765625e-07,
  "median_integration_steps": 127.0,
  "min_bfmi": 0.9074786572029543,
  "bfmi_below_0_3_fraction": 0.0,
  "stuck_chains": 0,
  "mean_edge_mass": 0.0004348110699946602,
  "max_chain_mean_edge_mass": 0.0005216649507188456,
  "parameters": {
    "latent_00": {
      "rhat": 1.0003886365691301,
      "ess_bulk": 1492438.410252203,
      "ess_tail": 707568.4392398394
    },
    "latent_01": {
      "rhat": 1.0002774331980828,
      "ess_bulk": 1502013.9559613853,
      "ess_tail": 705591.5909235561
    },
    "latent_02": {
      "rhat": 1.0003572830160579,
      "ess_bulk": 1485177.9314743,
      "ess_tail": 706825.5498555276
    },
    "latent_03": {
      "rhat": 1.0003942316967882,
      "ess_bulk": 1493092.8669481985,
      "ess_tail": 706982.4353854359
    },
    "latent_04": {
      "rhat": 1.000315228846419,
      "ess_bulk": 1490599.069457532,
      "ess_tail": 706458.2458263279
    },
    "latent_05": {
      "rhat": 1.0003410739711607,
      "ess_bulk": 1492365.0648915449,
      "ess_tail": 704570.9642928825
    },
    "latent_06": {
      "rhat": 1.0003427198633268,
      "ess_bulk": 1481705.5215962923,
      "ess_tail": 706821.9644070967
    },
    "latent_07": {
      "rhat": 1.0003145934606008,
      "ess_bulk": 1485617.1195838952,
      "ess_tail": 703114.4906977651
    },
    "latent_08": {
      "rhat": 1.0002849513082677,
      "ess_bulk": 1451500.9650764656,
      "ess_tail": 714620.0604753628
    },
    "latent_09": {
      "rhat": 1.0003323345250412,
      "ess_bulk": 1396265.685700282,
      "ess_tail": 712358.107020068
    },
    "latent_10": {
      "rhat": 1.000308696970171,
      "ess_bulk": 1350711.5331311258,
      "ess_tail": 722651.599454871
    },
    "latent_11": {
      "rhat": 1.0002395385769274,
      "ess_bulk": 1088294.554808327,
      "ess_tail": 708567.858825419
    },
    "latent_12": {
      "rhat": 1.0002640400118412,
      "ess_bulk": 1101134.014675084,
      "ess_tail": 733015.032257796
    },
    "latent_13": {
      "rhat": 1.0002793583098686,
      "ess_bulk": 896807.2330098512,
      "ess_tail": 726502.7632628428
    },
    "latent_14": {
      "rhat": 1.0002523608897083,
      "ess_bulk": 668962.9117319369,
      "ess_tail": 676175.1364714575
    },
    "latent_15": {
      "rhat": 1.0001591604608797,
      "ess_bulk": 702970.7825154095,
      "ess_tail": 715289.2278561005
    },
    "latent_16": {
      "rhat": 1.0003624559142394,
      "ess_bulk": 462803.89302472945,
      "ess_tail": 657711.1464761175
    },
    "latent_17": {
      "rhat": 1.000747117071705,
      "ess_bulk": 273528.15965242643,
      "ess_tail": 472847.17782105086
    },
    "latent_18": {
      "rhat": 1.0005707367279069,
      "ess_bulk": 341784.9594888259,
      "ess_tail": 526661.873665935
    },
    "latent_19": {
      "rhat": 1.0011332581064856,
      "ess_bulk": 189229.40521161506,
      "ess_tail": 440025.8547719324
    },
    "latent_20": {
      "rhat": 1.0016585924435717,
      "ess_bulk": 136831.19546601953,
      "ess_tail": 266403.5117328317
    },
    "latent_21": {
      "rhat": 1.0004789488048136,
      "ess_bulk": 364611.99517812213,
      "ess_tail": 445068.4146663213
    },
    "latent_22": {
      "rhat": 1.0012198183387395,
      "ess_bulk": 189263.02887341558,
      "ess_tail": 268709.3087683781
    },
    "latent_23": {
      "rhat": 1.000854630138279,
      "ess_bulk": 252380.02049204445,
      "ess_tail": 398754.63984792173
    },
    "latent_24": {
      "rhat": 1.0010547581631042,
      "ess_bulk": 206907.63553809797,
      "ess_tail": 317550.25925561384
    },
    "latent_25": {
      "rhat": 1.0019106457839648,
      "ess_bulk": 127863.65016714642,
      "ess_tail": 228600.60419516006
    },
    "latent_26": {
      "rhat": 1.0016139464343248,
      "ess_bulk": 137929.51092687118,
      "ess_tail": 233505.1899431892
    },
    "Ea_shared": {
      "rhat": 1.0036635100493834,
      "ess_bulk": 61670.0657469591,
      "ess_tail": 55607.107390963254
    },
    "logD_mean": {
      "rhat": 1.0032222860441187,
      "ess_bulk": 68234.50562513497,
      "ess_tail": 90639.23812029399
    },
    "logD_sd": {
      "rhat": 1.0018642692900002,
      "ess_bulk": 125040.2519062516,
      "ess_tail": 162385.3746595391
    },
    "edge_mass": {
      "rhat": 1.0009046891163105,
      "ess_bulk": 225713.42199122827,
      "ess_tail": 449828.609699983
    }
  },
  "chunk": 16,
  "sampling_seconds": 359.1319341659546,
  "chain_draws_per_second": 2851.319814758691,
  "eta_seconds": 0.0,
  "kill_reasons": [],
  "publication_gate_pass": true,
  "publication_gate_failures": [],
  "total_seconds": 360.4256992340088
}
