{
  "draws": 4000,
  "chains": 64,
  "max_rhat": 1.0005464909491364,
  "min_bulk_ess": 86546.37748525027,
  "min_tail_ess": 101767.81255395632,
  "mean_acceptance": 0.9784651337253011,
  "divergences": 0,
  "divergence_fraction": 0.0,
  "max_depth_fraction": 0.0,
  "median_integration_steps": 31.0,
  "min_bfmi": 0.9328765807997144,
  "bfmi_below_0_3_fraction": 0.0,
  "stuck_chains": 0,
  "mean_edge_mass": 0.0001569722539574201,
  "max_chain_mean_edge_mass": 0.0001947328711587877,
  "parameters": {
    "latent_00": {
      "rhat": 1.0002109343521164,
      "ess_bulk": 329208.0774910714,
      "ess_tail": 196987.72718799545
    },
    "latent_01": {
      "rhat": 1.000218419667247,
      "ess_bulk": 331647.0737340355,
      "ess_tail": 199203.7998318811
    },
    "latent_02": {
      "rhat": 1.0001444401670758,
      "ess_bulk": 329830.17034038773,
      "ess_tail": 199618.3310282092
    },
    "latent_03": {
      "rhat": 1.000278800133139,
      "ess_bulk": 338449.3257482579,
      "ess_tail": 196264.40664123488
    },
    "latent_04": {
      "rhat": 1.0001441574426508,
      "ess_bulk": 334393.33585242584,
      "ess_tail": 198529.8212459175
    },
    "latent_05": {
      "rhat": 1.0002952745466427,
      "ess_bulk": 335767.24320601724,
      "ess_tail": 199446.11551662156
    },
    "latent_06": {
      "rhat": 1.000236823665549,
      "ess_bulk": 334798.53716098465,
      "ess_tail": 198167.7595354456
    },
    "latent_07": {
      "rhat": 1.000233941953158,
      "ess_bulk": 340359.1855564838,
      "ess_tail": 199759.39515702406
    },
    "latent_08": {
      "rhat": 1.0002322903541176,
      "ess_bulk": 330508.0007086246,
      "ess_tail": 197472.51524730772
    },
    "latent_09": {
      "rhat": 1.0002247097049348,
      "ess_bulk": 331217.73979551427,
      "ess_tail": 202003.510498988
    },
    "latent_10": {
      "rhat": 1.0003672875198026,
      "ess_bulk": 336237.3508469299,
      "ess_tail": 196934.8606344975
    },
    "latent_11": {
      "rhat": 1.0002739105696636,
      "ess_bulk": 321208.8144025847,
      "ess_tail": 202174.17995097864
    },
    "latent_12": {
      "rhat": 1.0001869024561347,
      "ess_bulk": 315654.3126637546,
      "ess_tail": 203479.9941442886
    },
    "latent_13": {
      "rhat": 1.0001703933157973,
      "ess_bulk": 314184.9169531572,
      "ess_tail": 198483.53307205837
    },
    "latent_14": {
      "rhat": 1.000241283647201,
      "ess_bulk": 298449.85088835034,
      "ess_tail": 202629.5689045003
    },
    "latent_15": {
      "rhat": 1.0001232004497063,
      "ess_bulk": 299579.0675172222,
      "ess_tail": 201044.13671681017
    },
    "latent_16": {
      "rhat": 1.0001692218430065,
      "ess_bulk": 286646.9944844532,
      "ess_tail": 200602.32700752234
    },
    "latent_17": {
      "rhat": 1.0001256566267802,
      "ess_bulk": 265974.79472928145,
      "ess_tail": 198585.227244553
    },
    "latent_18": {
      "rhat": 1.000168885069068,
      "ess_bulk": 254328.9743842322,
      "ess_tail": 192406.2821130968
    },
    "latent_19": {
      "rhat": 1.000200294012589,
      "ess_bulk": 253190.183640075,
      "ess_tail": 199301.7946003252
    },
    "latent_20": {
      "rhat": 1.0001852634931252,
      "ess_bulk": 217865.3459921181,
      "ess_tail": 193945.66502708456
    },
    "latent_21": {
      "rhat": 1.0001001558161038,
      "ess_bulk": 198313.39690571805,
      "ess_tail": 192934.21043559012
    },
    "latent_22": {
      "rhat": 1.0001844267395397,
      "ess_bulk": 250910.79363535217,
      "ess_tail": 200200.38951773485
    },
    "latent_23": {
      "rhat": 1.0000942663162267,
      "ess_bulk": 204308.56430334438,
      "ess_tail": 192971.00086933095
    },
    "latent_24": {
      "rhat": 1.0002234217281056,
      "ess_bulk": 196964.17441906597,
      "ess_tail": 195160.85280587207
    },
    "latent_25": {
      "rhat": 1.0001619751086541,
      "ess_bulk": 168626.3534671642,
      "ess_tail": 191960.72292437375
    },
    "latent_26": {
      "rhat": 1.0001309875191386,
      "ess_bulk": 169877.3442285145,
      "ess_tail": 180231.83922145457
    },
    "Ea_shared": {
      "rhat": 1.0005464909491364,
      "ess_bulk": 86546.37748525027,
      "ess_tail": 101767.81255395632
    },
    "logD_mean": {
      "rhat": 1.00051184554845,
      "ess_bulk": 89977.61532117901,
      "ess_tail": 105737.65827345359
    },
    "logD_sd": {
      "rhat": 1.0002384069289356,
      "ess_bulk": 147732.57599405255,
      "ess_tail": 189286.01961526234
    },
    "edge_mass": {
      "rhat": 1.0001406721989603,
      "ess_bulk": 218924.5779866107,
      "ess_tail": 159679.54242159237
    }
  },
  "chunk": 16,
  "sampling_seconds": 81.60564684867859,
  "chain_draws_per_second": 3137.0378139971244,
  "eta_seconds": 0.0,
  "kill_reasons": [],
  "publication_gate_pass": true,
  "publication_gate_failures": [],
  "total_seconds": 129.84514021873474
}
