{
  "draws": 2000,
  "chains": 256,
  "max_rhat": 1.0032497629961539,
  "min_bulk_ess": 69655.01948469982,
  "min_tail_ess": 75625.6322447802,
  "mean_acceptance": 0.8899627269469864,
  "divergences": 0,
  "divergence_fraction": 0.0,
  "max_depth_fraction": 0.0,
  "median_integration_steps": 127.0,
  "min_bfmi": 0.8953044554865422,
  "bfmi_below_0_3_fraction": 0.0,
  "stuck_chains": 0,
  "mean_edge_mass": 0.00013399263684388415,
  "max_chain_mean_edge_mass": 0.00017332986411212737,
  "parameters": {
    "latent_00": {
      "rhat": 1.000672753654792,
      "ess_bulk": 852026.7926642334,
      "ess_tail": 364622.83847372746
    },
    "latent_01": {
      "rhat": 1.0005606390478419,
      "ess_bulk": 857833.9791057903,
      "ess_tail": 364549.6489629791
    },
    "latent_02": {
      "rhat": 1.0006854108446719,
      "ess_bulk": 851650.6842334208,
      "ess_tail": 370385.86744439765
    },
    "latent_03": {
      "rhat": 1.0006902904812092,
      "ess_bulk": 855771.8489775322,
      "ess_tail": 363773.85202575405
    },
    "latent_04": {
      "rhat": 1.0006764799778685,
      "ess_bulk": 855352.7407509899,
      "ess_tail": 364566.0163294598
    },
    "latent_05": {
      "rhat": 1.0006779246158277,
      "ess_bulk": 852615.0306907975,
      "ess_tail": 366693.1693639733
    },
    "latent_06": {
      "rhat": 1.0006505693561145,
      "ess_bulk": 848635.2041682294,
      "ess_tail": 366822.7989576145
    },
    "latent_07": {
      "rhat": 1.0007126155471282,
      "ess_bulk": 861883.785457233,
      "ess_tail": 365728.5563470965
    },
    "latent_08": {
      "rhat": 1.0005614727933174,
      "ess_bulk": 841591.0715073782,
      "ess_tail": 365577.5095007927
    },
    "latent_09": {
      "rhat": 1.0006778273071668,
      "ess_bulk": 821284.7493785274,
      "ess_tail": 364436.62568015035
    },
    "latent_10": {
      "rhat": 1.0005820527370466,
      "ess_bulk": 802117.2519191897,
      "ess_tail": 372387.2179625469
    },
    "latent_11": {
      "rhat": 1.0005224275604234,
      "ess_bulk": 762059.9878027808,
      "ess_tail": 366723.8247697999
    },
    "latent_12": {
      "rhat": 1.0004520352469501,
      "ess_bulk": 713052.9090905474,
      "ess_tail": 379335.16517027374
    },
    "latent_13": {
      "rhat": 1.0005582533333932,
      "ess_bulk": 654988.5537279819,
      "ess_tail": 381080.93422064825
    },
    "latent_14": {
      "rhat": 1.0005015065076759,
      "ess_bulk": 560480.5702646606,
      "ess_tail": 380525.43541608076
    },
    "latent_15": {
      "rhat": 1.0004372911185115,
      "ess_bulk": 502442.6742555346,
      "ess_tail": 384744.09871714417
    },
    "latent_16": {
      "rhat": 1.0003908863172082,
      "ess_bulk": 352065.08812641184,
      "ess_tail": 364338.0951586898
    },
    "latent_17": {
      "rhat": 1.0003760262558918,
      "ess_bulk": 295192.4248122934,
      "ess_tail": 348146.91879410297
    },
    "latent_18": {
      "rhat": 1.000567029124054,
      "ess_bulk": 231272.6082701549,
      "ess_tail": 320652.0884951119
    },
    "latent_19": {
      "rhat": 1.0008338009364282,
      "ess_bulk": 194781.15407132148,
      "ess_tail": 290881.16351003427
    },
    "latent_20": {
      "rhat": 1.0011073032192876,
      "ess_bulk": 165217.68978308118,
      "ess_tail": 229827.49722882593
    },
    "latent_21": {
      "rhat": 1.0006295248066508,
      "ess_bulk": 248276.3884391449,
      "ess_tail": 255900.4454284973
    },
    "latent_22": {
      "rhat": 1.0009878228304003,
      "ess_bulk": 174238.87752741462,
      "ess_tail": 171111.0317342283
    },
    "latent_23": {
      "rhat": 1.0002985888182596,
      "ess_bulk": 312567.13241123356,
      "ess_tail": 343881.62635846395
    },
    "latent_24": {
      "rhat": 1.0006603647709489,
      "ess_bulk": 222987.13702725768,
      "ess_tail": 264900.9353703981
    },
    "latent_25": {
      "rhat": 1.0005112024848615,
      "ess_bulk": 259531.32982118297,
      "ess_tail": 290838.600810441
    },
    "latent_26": {
      "rhat": 1.0009348801219862,
      "ess_bulk": 171253.7770224062,
      "ess_tail": 241249.11375600952
    },
    "Ea_shared": {
      "rhat": 1.0032497629961539,
      "ess_bulk": 69655.01948469982,
      "ess_tail": 75625.6322447802
    },
    "logD_mean": {
      "rhat": 1.003113883400964,
      "ess_bulk": 72352.37995202732,
      "ess_tail": 97387.44543206022
    },
    "logD_sd": {
      "rhat": 1.001650752213291,
      "ess_bulk": 115309.97306811913,
      "ess_tail": 133869.45385324815
    },
    "edge_mass": {
      "rhat": 1.0003082471894005,
      "ess_bulk": 605668.6146369575,
      "ess_tail": 372172.67032860813
    }
  },
  "chunk": 8,
  "sampling_seconds": 103.14924502372742,
  "chain_draws_per_second": 4963.681507142633,
  "eta_seconds": 0.0,
  "kill_reasons": [],
  "publication_gate_pass": true,
  "publication_gate_failures": [],
  "total_seconds": 104.43775534629822
}
