{
  "draws": 2000,
  "chains": 256,
  "max_rhat": 1.0094336496150613,
  "min_bulk_ess": 25869.871208582437,
  "min_tail_ess": 18338.907739739818,
  "mean_acceptance": 0.6623888595124389,
  "divergences": 0,
  "divergence_fraction": 0.0,
  "max_depth_fraction": 0.0001171875,
  "median_integration_steps": 255.0,
  "min_bfmi": 0.8288772403921081,
  "bfmi_below_0_3_fraction": 0.0,
  "stuck_chains": 0,
  "mean_edge_mass": 0.0019206829227584451,
  "max_chain_mean_edge_mass": 0.003103606140197562,
  "parameters": {
    "latent_00": {
      "rhat": 1.0007685192070104,
      "ess_bulk": 234119.23508130817,
      "ess_tail": 292397.7176605437
    },
    "latent_01": {
      "rhat": 1.000597450970064,
      "ess_bulk": 250867.13217210706,
      "ess_tail": 299090.04451227497
    },
    "latent_02": {
      "rhat": 1.0005381614541558,
      "ess_bulk": 312334.30627146293,
      "ess_tail": 312164.79833597224
    },
    "latent_03": {
      "rhat": 1.0009106659384557,
      "ess_bulk": 181581.8195729668,
      "ess_tail": 283749.1241113759
    },
    "latent_04": {
      "rhat": 1.0008583817475774,
      "ess_bulk": 201780.51000810874,
      "ess_tail": 296759.6944798727
    },
    "latent_05": {
      "rhat": 1.0004828250366984,
      "ess_bulk": 266715.58673125925,
      "ess_tail": 312418.8763646456
    },
    "latent_06": {
      "rhat": 1.0009844905705023,
      "ess_bulk": 184570.1802997921,
      "ess_tail": 287158.56928296137
    },
    "latent_07": {
      "rhat": 1.001026362159785,
      "ess_bulk": 171633.41210352335,
      "ess_tail": 269683.0572080947
    },
    "latent_08": {
      "rhat": 1.0007184897549037,
      "ess_bulk": 249511.8994826773,
      "ess_tail": 307037.56918812747
    },
    "latent_09": {
      "rhat": 1.001525518473957,
      "ess_bulk": 123793.73718955416,
      "ess_tail": 238818.10125445068
    },
    "latent_10": {
      "rhat": 1.001228954258383,
      "ess_bulk": 161540.2469164095,
      "ess_tail": 260154.50300728306
    },
    "latent_11": {
      "rhat": 1.0017178448828683,
      "ess_bulk": 112784.83367688878,
      "ess_tail": 232315.04333594456
    },
    "latent_12": {
      "rhat": 1.0025295760986095,
      "ess_bulk": 92743.84425084273,
      "ess_tail": 197921.04744685517
    },
    "latent_13": {
      "rhat": 1.0021945803363304,
      "ess_bulk": 92992.18201613579,
      "ess_tail": 192581.78766784866
    },
    "latent_14": {
      "rhat": 1.0027767435350114,
      "ess_bulk": 86741.08651611202,
      "ess_tail": 188999.60274382806
    },
    "latent_15": {
      "rhat": 1.00237110472986,
      "ess_bulk": 95131.27853667503,
      "ess_tail": 202460.99609140476
    },
    "latent_16": {
      "rhat": 1.0029764504623355,
      "ess_bulk": 83670.89395115641,
      "ess_tail": 173208.71393633835
    },
    "latent_17": {
      "rhat": 1.0029688902339475,
      "ess_bulk": 76028.47263620446,
      "ess_tail": 191688.8126171972
    },
    "latent_18": {
      "rhat": 1.0036957572943996,
      "ess_bulk": 62234.91685248967,
      "ess_tail": 144429.19544895104
    },
    "latent_19": {
      "rhat": 1.004141147485448,
      "ess_bulk": 60452.2964027435,
      "ess_tail": 155827.23595978512
    },
    "latent_20": {
      "rhat": 1.0033083069033133,
      "ess_bulk": 74643.97763579326,
      "ess_tail": 106098.19925287495
    },
    "latent_21": {
      "rhat": 1.002556999132228,
      "ess_bulk": 82277.87347881024,
      "ess_tail": 153531.13691817372
    },
    "latent_22": {
      "rhat": 1.005391693319716,
      "ess_bulk": 43998.257464892034,
      "ess_tail": 75738.66571940738
    },
    "latent_23": {
      "rhat": 1.0019996897356593,
      "ess_bulk": 102585.0350484663,
      "ess_tail": 174238.19793789904
    },
    "latent_24": {
      "rhat": 1.0056097788842704,
      "ess_bulk": 40697.52058061099,
      "ess_tail": 90440.93683309243
    },
    "latent_25": {
      "rhat": 1.0043157696944967,
      "ess_bulk": 54586.77747640289,
      "ess_tail": 101898.04847534055
    },
    "latent_26": {
      "rhat": 1.0032669172366062,
      "ess_bulk": 73270.44029176347,
      "ess_tail": 106675.87606388467
    },
    "Ea_shared": {
      "rhat": 1.0094336496150613,
      "ess_bulk": 26736.129138351556,
      "ess_tail": 18338.907739739818
    },
    "logD_mean": {
      "rhat": 1.0088025808145402,
      "ess_bulk": 25869.871208582437,
      "ess_tail": 45117.81064602801
    },
    "logD_sd": {
      "rhat": 1.0037607089712055,
      "ess_bulk": 63708.56056638275,
      "ess_tail": 102705.27315674478
    },
    "edge_mass": {
      "rhat": 1.0027033074667033,
      "ess_bulk": 80293.71432264634,
      "ess_tail": 87885.8808508523
    }
  },
  "chunk": 8,
  "sampling_seconds": 679.514151096344,
  "chain_draws_per_second": 753.4795252960181,
  "eta_seconds": 0.0,
  "kill_reasons": [],
  "publication_gate_pass": true,
  "publication_gate_failures": [],
  "total_seconds": 680.7802212238312
}
