{
  "draws": 2000,
  "chains": 256,
  "max_rhat": 1.0089581405187749,
  "min_bulk_ess": 24756.0996025775,
  "min_tail_ess": 21402.99402807543,
  "mean_acceptance": 0.862890274943723,
  "divergences": 0,
  "divergence_fraction": 0.0,
  "max_depth_fraction": 9.765625e-06,
  "median_integration_steps": 127.0,
  "min_bfmi": 0.8787595027998963,
  "bfmi_below_0_3_fraction": 0.0,
  "stuck_chains": 0,
  "mean_edge_mass": 0.00033088392904803763,
  "max_chain_mean_edge_mass": 0.000454980774548616,
  "parameters": {
    "latent_00": {
      "rhat": 1.0005980404879304,
      "ess_bulk": 688803.1540377159,
      "ess_tail": 374751.6528606274
    },
    "latent_01": {
      "rhat": 1.000541168022144,
      "ess_bulk": 689318.5084080492,
      "ess_tail": 376699.0524711885
    },
    "latent_02": {
      "rhat": 1.00046798370023,
      "ess_bulk": 694024.8660333831,
      "ess_tail": 375282.93517816014
    },
    "latent_03": {
      "rhat": 1.0005486837660649,
      "ess_bulk": 696608.2083465544,
      "ess_tail": 370043.0539126131
    },
    "latent_04": {
      "rhat": 1.0005734725893334,
      "ess_bulk": 689527.4984087572,
      "ess_tail": 374631.99309982156
    },
    "latent_05": {
      "rhat": 1.0006565945108152,
      "ess_bulk": 687095.7376467101,
      "ess_tail": 379114.2975105369
    },
    "latent_06": {
      "rhat": 1.0006260618494967,
      "ess_bulk": 695232.8105358398,
      "ess_tail": 376707.7658544058
    },
    "latent_07": {
      "rhat": 1.0006253534550122,
      "ess_bulk": 689682.7653318077,
      "ess_tail": 376996.5233317502
    },
    "latent_08": {
      "rhat": 1.0005656442027495,
      "ess_bulk": 690825.699887237,
      "ess_tail": 375470.96025872946
    },
    "latent_09": {
      "rhat": 1.0006000394839165,
      "ess_bulk": 690840.6633115889,
      "ess_tail": 375372.4216292524
    },
    "latent_10": {
      "rhat": 1.0005825670912434,
      "ess_bulk": 689058.8187140023,
      "ess_tail": 375124.99754887196
    },
    "latent_11": {
      "rhat": 1.0005472221500256,
      "ess_bulk": 691666.4115022826,
      "ess_tail": 379528.32557724393
    },
    "latent_12": {
      "rhat": 1.000498079212292,
      "ess_bulk": 685113.1941159515,
      "ess_tail": 378596.3554725808
    },
    "latent_13": {
      "rhat": 1.0004712212575786,
      "ess_bulk": 690404.6522185309,
      "ess_tail": 382605.5465849488
    },
    "latent_14": {
      "rhat": 1.0005865029897938,
      "ess_bulk": 685928.2438650711,
      "ess_tail": 373693.02858190413
    },
    "latent_15": {
      "rhat": 1.0005403259821202,
      "ess_bulk": 684953.3350624082,
      "ess_tail": 377055.46167762025
    },
    "latent_16": {
      "rhat": 1.000517775026022,
      "ess_bulk": 674628.4409333336,
      "ess_tail": 378016.73894287745
    },
    "latent_17": {
      "rhat": 1.0004923317011285,
      "ess_bulk": 649284.8410501053,
      "ess_tail": 374822.6895239759
    },
    "latent_18": {
      "rhat": 1.0006882454803325,
      "ess_bulk": 633074.022777116,
      "ess_tail": 375205.0212635459
    },
    "latent_19": {
      "rhat": 1.0004914026472356,
      "ess_bulk": 521737.02273437264,
      "ess_tail": 375970.2000863764
    },
    "latent_20": {
      "rhat": 1.000501490176045,
      "ess_bulk": 499791.8944996781,
      "ess_tail": 382197.7825231815
    },
    "latent_21": {
      "rhat": 1.0004254897252012,
      "ess_bulk": 397803.04909853364,
      "ess_tail": 372667.39921940584
    },
    "latent_22": {
      "rhat": 1.0004004895389342,
      "ess_bulk": 306217.2121009711,
      "ess_tail": 352960.7138506227
    },
    "latent_23": {
      "rhat": 1.000545425854939,
      "ess_bulk": 306340.886560335,
      "ess_tail": 350295.58835876425
    },
    "latent_24": {
      "rhat": 1.0009509386576834,
      "ess_bulk": 189823.85909663013,
      "ess_tail": 314416.98336178315
    },
    "latent_25": {
      "rhat": 1.0016660745557595,
      "ess_bulk": 115114.3673903489,
      "ess_tail": 210984.09335243836
    },
    "latent_26": {
      "rhat": 1.0019554507596375,
      "ess_bulk": 115943.39426456884,
      "ess_tail": 203727.51573522246
    },
    "latent_27": {
      "rhat": 1.002641132299752,
      "ess_bulk": 76558.90844204977,
      "ess_tail": 193778.82464632753
    },
    "latent_28": {
      "rhat": 1.004216623960591,
      "ess_bulk": 53477.548005024546,
      "ess_tail": 107648.61206514569
    },
    "latent_29": {
      "rhat": 1.001662433788014,
      "ess_bulk": 125399.47944766945,
      "ess_tail": 164537.49164381542
    },
    "latent_30": {
      "rhat": 1.0029302830665863,
      "ess_bulk": 71012.53802249621,
      "ess_tail": 96343.10278564465
    },
    "latent_31": {
      "rhat": 1.0021888001438175,
      "ess_bulk": 94492.94825328598,
      "ess_tail": 160722.52329214077
    },
    "latent_32": {
      "rhat": 1.0027207131146,
      "ess_bulk": 78033.89720415021,
      "ess_tail": 123357.49549955069
    },
    "latent_33": {
      "rhat": 1.004321011041016,
      "ess_bulk": 52363.16451156741,
      "ess_tail": 97350.12000764978
    },
    "latent_34": {
      "rhat": 1.0044076425001323,
      "ess_bulk": 53234.39704859757,
      "ess_tail": 94640.06589202132
    },
    "Ea_shared": {
      "rhat": 1.0089581405187749,
      "ess_bulk": 24756.0996025775,
      "ess_tail": 21402.99402807543
    },
    "logD_mean": {
      "rhat": 1.008506573123348,
      "ess_bulk": 27176.328705913278,
      "ess_tail": 32717.338189421658
    },
    "logD_sd": {
      "rhat": 1.0039943961605864,
      "ess_bulk": 50843.934417483535,
      "ess_tail": 58870.186372639095
    },
    "edge_mass": {
      "rhat": 1.0020139950362115,
      "ess_bulk": 96336.19797002336,
      "ess_tail": 199067.34528051788
    }
  },
  "chunk": 8,
  "sampling_seconds": 145.29621601104736,
  "chain_draws_per_second": 3523.8357478013804,
  "eta_seconds": 0.0,
  "kill_reasons": [],
  "publication_gate_pass": true,
  "publication_gate_failures": [],
  "total_seconds": 146.59850239753723
}
