{
  "draws": 2000,
  "chains": 256,
  "max_rhat": 1.002714328277845,
  "min_bulk_ess": 82933.68145383404,
  "min_tail_ess": 99834.49014280684,
  "mean_acceptance": 0.9347602214305281,
  "divergences": 0,
  "divergence_fraction": 0.0,
  "max_depth_fraction": 0.0,
  "median_integration_steps": 63.0,
  "min_bfmi": 0.8663895295795422,
  "bfmi_below_0_3_fraction": 0.0,
  "stuck_chains": 0,
  "mean_edge_mass": 9.936387114714076e-05,
  "max_chain_mean_edge_mass": 0.00014326505038654526,
  "parameters": {
    "latent_00": {
      "rhat": 1.0004778239355445,
      "ess_bulk": 527816.2110029897,
      "ess_tail": 388824.9750708274
    },
    "latent_01": {
      "rhat": 1.0004223177999323,
      "ess_bulk": 526001.6086152268,
      "ess_tail": 389272.1901945752
    },
    "latent_02": {
      "rhat": 1.0003571289552131,
      "ess_bulk": 526079.3645796493,
      "ess_tail": 392886.6784390042
    },
    "latent_03": {
      "rhat": 1.0004712904292519,
      "ess_bulk": 527195.2625784002,
      "ess_tail": 395950.5694531097
    },
    "latent_04": {
      "rhat": 1.0003932865829315,
      "ess_bulk": 527718.544887282,
      "ess_tail": 388357.6353538518
    },
    "latent_05": {
      "rhat": 1.0003992697213657,
      "ess_bulk": 522085.28945798794,
      "ess_tail": 389714.027218352
    },
    "latent_06": {
      "rhat": 1.0003941172647262,
      "ess_bulk": 527465.1640812584,
      "ess_tail": 392229.0771786968
    },
    "latent_07": {
      "rhat": 1.0003879360583363,
      "ess_bulk": 526744.1830261457,
      "ess_tail": 387323.53527556406
    },
    "latent_08": {
      "rhat": 1.0003484463441465,
      "ess_bulk": 526950.2663916169,
      "ess_tail": 389149.79802524945
    },
    "latent_09": {
      "rhat": 1.0004396778984803,
      "ess_bulk": 520218.5096342132,
      "ess_tail": 389533.81929829135
    },
    "latent_10": {
      "rhat": 1.0003811394413151,
      "ess_bulk": 514764.78128869686,
      "ess_tail": 394241.985348402
    },
    "latent_11": {
      "rhat": 1.00036247323217,
      "ess_bulk": 505715.2739410197,
      "ess_tail": 390286.8292976094
    },
    "latent_12": {
      "rhat": 1.0003285035976168,
      "ess_bulk": 485761.9410463378,
      "ess_tail": 388290.18944098934
    },
    "latent_13": {
      "rhat": 1.0003672951178393,
      "ess_bulk": 467847.65408239013,
      "ess_tail": 388167.9577472171
    },
    "latent_14": {
      "rhat": 1.0002149075997864,
      "ess_bulk": 432727.5864025906,
      "ess_tail": 389832.54640693445
    },
    "latent_15": {
      "rhat": 1.0003083931311587,
      "ess_bulk": 376524.7532472978,
      "ess_tail": 377161.8497886103
    },
    "latent_16": {
      "rhat": 1.0003054006675183,
      "ess_bulk": 340364.6191203531,
      "ess_tail": 373286.2171566169
    },
    "latent_17": {
      "rhat": 1.0003818047126676,
      "ess_bulk": 274968.6040858715,
      "ess_tail": 354370.96642610145
    },
    "latent_18": {
      "rhat": 1.0006335722389146,
      "ess_bulk": 238839.0429892782,
      "ess_tail": 329613.52920967364
    },
    "latent_19": {
      "rhat": 1.0008981988351329,
      "ess_bulk": 197677.91229875907,
      "ess_tail": 293875.5427018187
    },
    "latent_20": {
      "rhat": 1.0010011862425765,
      "ess_bulk": 172201.31953337573,
      "ess_tail": 266272.2060626984
    },
    "latent_21": {
      "rhat": 1.000593315160956,
      "ess_bulk": 231336.7971963395,
      "ess_tail": 283227.36442566325
    },
    "latent_22": {
      "rhat": 1.0008294241189828,
      "ess_bulk": 187514.90065281925,
      "ess_tail": 216517.94515877953
    },
    "latent_23": {
      "rhat": 1.0005105193487005,
      "ess_bulk": 246148.53293883931,
      "ess_tail": 310121.8737499484
    },
    "latent_24": {
      "rhat": 1.000743239218539,
      "ess_bulk": 222813.00912396386,
      "ess_tail": 296128.75124558265
    },
    "latent_25": {
      "rhat": 1.0006400038684697,
      "ess_bulk": 243482.19556194977,
      "ess_tail": 289443.2605394959
    },
    "latent_26": {
      "rhat": 1.001019734910761,
      "ess_bulk": 163177.91766687355,
      "ess_tail": 252867.1511813227
    },
    "Ea_shared": {
      "rhat": 1.002714328277845,
      "ess_bulk": 82933.68145383404,
      "ess_tail": 99834.49014280684
    },
    "logD_mean": {
      "rhat": 1.0025350736043386,
      "ess_bulk": 85927.84926735389,
      "ess_tail": 123671.43235476551
    },
    "logD_sd": {
      "rhat": 1.0016925092990188,
      "ess_bulk": 119167.94078004821,
      "ess_tail": 161210.12765540238
    },
    "edge_mass": {
      "rhat": 1.0002400366881221,
      "ess_bulk": 458026.759214614,
      "ess_tail": 386908.0571265887
    }
  },
  "chunk": 8,
  "sampling_seconds": 117.66725707054138,
  "chain_draws_per_second": 4351.252954703079,
  "eta_seconds": 0.0,
  "kill_reasons": [],
  "publication_gate_pass": true,
  "publication_gate_failures": [],
  "total_seconds": 118.97008395195007
}
